Workbook

Sheet Raw Order Data
A1: Order ID | B1: Customer Name | C1: Customer Email | D1: Customer Address | E1: Item Description | F1: Qty | G1: Unit Price | H1: Order Date | I1: Line Total | J1: Match Index (helper)
A2: 1001 | B2: Dana Whitfield | C2: dana.whitfield@brightleaf.co | D2: 142 Cedar Ln, Renton WA | E2: Consulting - Site Audit | F2: 3 | G2: 125 | H2: 2026-06-02 | I2: =F2*G2 -> 375 | J2: =IF(B2='Invoice Generator'!$D$4,COUNTIF($B$2:B2,'Invoice Generator'!$D$4),"") -> 1
A3: 1002 | B3: Marcus Oyelaran | C3: m.oyelaran@northgatehardware.com | D3: 88 Industrial Way, Kent WA | E3: Bulk Fasteners - 1in Wood Screws (box) | F3: 40 | G3: 6.5 | H3: 2026-06-03 | I3: =F3*G3 -> 260 | J3: =IF(B3='Invoice Generator'!$D$4,COUNTIF($B$2:B3,'Invoice Generator'!$D$4),"")
A4: 1003 | B4: Dana Whitfield | C4: dana.whitfield@brightleaf.co | D4: 142 Cedar Ln, Renton WA | E4: Follow-up Report | F4: 1 | G4: 200 | H4: 2026-06-05 | I4: =F4*G4 -> 200 | J4: =IF(B4='Invoice Generator'!$D$4,COUNTIF($B$2:B4,'Invoice Generator'!$D$4),"") -> 2
A5: 1004 | B5: Priya Chandrasekaran | C5: priya.c@sunridgevets.com | D5: 27 Meridian Ave, SeaTac WA | E5: Waiting Room Signage - Set | F5: 6 | G5: 18 | H5: 2026-06-05 | I5: =F5*G5 -> 108 | J5: =IF(B5='Invoice Generator'!$D$4,COUNTIF($B$2:B5,'Invoice Generator'!$D$4),"")
A6: 1005 | B6: Marcus Oyelaran | C6: m.oyelaran@northgatehardware.com | D6: 88 Industrial Way, Kent WA | E6: Bulk Fasteners - 2in Deck Screws (box) | F6: 25 | G6: 8.75 | H6: 2026-06-06 | I6: =F6*G6 -> 218.75 | J6: =IF(B6='Invoice Generator'!$D$4,COUNTIF($B$2:B6,'Invoice Generator'!$D$4),"")
A7: 1006 | B7: Priya Chandrasekaran | C7: priya.c@sunridgevets.com | D7: 27 Meridian Ave, SeaTac WA | E7: Exam Room Labels - Set | F7: 12 | G7: 4.25 | H7: 2026-06-07 | I7: =F7*G7 -> 51 | J7: =IF(B7='Invoice Generator'!$D$4,COUNTIF($B$2:B7,'Invoice Generator'!$D$4),"")
A8: 1007 | B8: Terrence Boyle | C8: tboyle@boylefreight.net | D8: 9 Harbor Dr, Burien WA | E8: Freight Manifest Template Setup | F8: 1 | G8: 350 | H8: 2026-06-08 | I8: =F8*G8 -> 350 | J8: =IF(B8='Invoice Generator'!$D$4,COUNTIF($B$2:B8,'Invoice Generator'!$D$4),"")
A9: 1008 | B9: Dana Whitfield | C9: dana.whitfield@brightleaf.co | D9: 142 Cedar Ln, Renton WA | E9: Quarterly Site Audit | F9: 1 | G9: 275 | H9: 2026-06-10 | I9: =F9*G9 -> 275 | J9: =IF(B9='Invoice Generator'!$D$4,COUNTIF($B$2:B9,'Invoice Generator'!$D$4),"") -> 3
A10: 1009 | B10: Marcus Oyelaran | C10: m.oyelaran@northgatehardware.com | D10: 88 Industrial Way, Kent WA | E10: Bulk Fasteners - 3in Lag Bolts (box) | F10: 15 | G10: 12 | H10: 2026-06-11 | I10: =F10*G10 -> 180 | J10: =IF(B10='Invoice Generator'!$D$4,COUNTIF($B$2:B10,'Invoice Generator'!$D$4),"")
A11: 1010 | B11: Priya Chandrasekaran | C11: priya.c@sunridgevets.com | D11: 27 Meridian Ave, SeaTac WA | E11: Appointment Cards - 500ct | F11: 2 | G11: 45 | H11: 2026-06-12 | I11: =F11*G11 -> 90 | J11: =IF(B11='Invoice Generator'!$D$4,COUNTIF($B$2:B11,'Invoice Generator'!$D$4),"")
A12: 1011 | B12: Terrence Boyle | C12: tboyle@boylefreight.net | D12: 9 Harbor Dr, Burien WA | E12: Route Optimization Consult | F12: 4 | G12: 90 | H12: 2026-06-13 | I12: =F12*G12 -> 360 | J12: =IF(B12='Invoice Generator'!$D$4,COUNTIF($B$2:B12,'Invoice Generator'!$D$4),"")
A13: 1012 | B13: Yusuf Abdirahman | C13: y.abdirahman@abdirahmanlaw.com | D13: 310 5th Ave S, Seattle WA | E13: Document Binder Set - Legal | F13: 10 | G13: 22.5 | H13: 2026-06-14 | I13: =F13*G13 -> 225 | J13: =IF(B13='Invoice Generator'!$D$4,COUNTIF($B$2:B13,'Invoice Generator'!$D$4),"")
... A19: 1018 | B19: Priya Chandrasekaran | C19: priya.c@sunridgevets.com | D19: 27 Meridian Ave, SeaTac WA | E19: Waiting Room Signage - Set | F19: 3 | G19: 18 | H19: 2026-06-20 | I19: =F19*G19 -> 54 | J19: =IF(B19='Invoice Generator'!$D$4,COUNTIF($B$2:B19,'Invoice Generator'!$D$4),"")

Sheet Invoice Generator
A1: INVOICE
G2: Invoice #: | H2: ="INV-"&TEXT(TODAY(),"YYYYMMDD")&"-"&UPPER(LEFT(SUBSTITUTE(D4," ",""),3)) -> INV-20260805-DAN
G3: Date: | H3: =TODAY() -> 46239
B4: Select Customer: | D4: Dana Whitfield
B6: Bill To: | C6: =INDEX('Raw Order Data'!$B:$B,MATCH(D4,'Raw Order Data'!$B:$B,0)) -> Dana Whitfield
B7: Email: | C7: =INDEX('Raw Order Data'!$C:$C,MATCH(D4,'Raw Order Data'!$B:$B,0)) -> dana.whitfield@brightleaf.co
B8: Address: | C8: =INDEX('Raw Order Data'!$D:$D,MATCH(D4,'Raw Order Data'!$B:$B,0)) -> 142 Cedar Ln, Renton WA
B11: Item Description | E11: Qty | F11: Unit Price | G11: Line Total
B12: =IFERROR(INDEX('Raw Order Data'!$E:$E,MATCH(1,'Raw Order Data'!$J:$J,0)),"") -> Consulting - Site Audit | E12: =IFERROR(INDEX('Raw Order Data'!$F:$F,MATCH(1,'Raw Order Data'!$J:$J,0)),"") -> 3 | F12: =IFERROR(INDEX('Raw Order Data'!$G:$G,MATCH(1,'Raw Order Data'!$J:$J,0)),"") -> 125 | G12: =IF(B12="","",E12*F12) -> 375
B13: =IFERROR(INDEX('Raw Order Data'!$E:$E,MATCH(2,'Raw Order Data'!$J:$J,0)),"") -> Follow-up Report | E13: =IFERROR(INDEX('Raw Order Data'!$F:$F,MATCH(2,'Raw Order Data'!$J:$J,0)),"") -> 1 | F13: =IFERROR(INDEX('Raw Order Data'!$G:$G,MATCH(2,'Raw Order Data'!$J:$J,0)),"") -> 200 | G13: =IF(B13="","",E13*F13) -> 200
B14: =IFERROR(INDEX('Raw Order Data'!$E:$E,MATCH(3,'Raw Order Data'!$J:$J,0)),"") -> Quarterly Site Audit | E14: =IFERROR(INDEX('Raw Order Data'!$F:$F,MATCH(3,'Raw Order Data'!$J:$J,0)),"") -> 1 | F14: =IFERROR(INDEX('Raw Order Data'!$G:$G,MATCH(3,'Raw Order Data'!$J:$J,0)),"") -> 275 | G14: =IF(B14="","",E14*F14) -> 275
B15: =IFERROR(INDEX('Raw Order Data'!$E:$E,MATCH(4,'Raw Order Data'!$J:$J,0)),"") -> Follow-up Report | E15: =IFERROR(INDEX('Raw Order Data'!$F:$F,MATCH(4,'Raw Order Data'!$J:$J,0)),"") -> 1 | F15: =IFERROR(INDEX('Raw Order Data'!$G:$G,MATCH(4,'Raw Order Data'!$J:$J,0)),"") -> 200 | G15: =IF(B15="","",E15*F15) -> 200
B16: =IFERROR(INDEX('Raw Order Data'!$E:$E,MATCH(5,'Raw Order Data'!$J:$J,0)),"") | E16: =IFERROR(INDEX('Raw Order Data'!$F:$F,MATCH(5,'Raw Order Data'!$J:$J,0)),"") | F16: =IFERROR(INDEX('Raw Order Data'!$G:$G,MATCH(5,'Raw Order Data'!$J:$J,0)),"") | G16: =IF(B16="","",E16*F16)
B17: =IFERROR(INDEX('Raw Order Data'!$E:$E,MATCH(6,'Raw Order Data'!$J:$J,0)),"") | E17: =IFERROR(INDEX('Raw Order Data'!$F:$F,MATCH(6,'Raw Order Data'!$J:$J,0)),"") | F17: =IFERROR(INDEX('Raw Order Data'!$G:$G,MATCH(6,'Raw Order Data'!$J:$J,0)),"") | G17: =IF(B17="","",E17*F17)
B18: =IFERROR(INDEX('Raw Order Data'!$E:$E,MATCH(7,'Raw Order Data'!$J:$J,0)),"") | E18: =IFERROR(INDEX('Raw Order Data'!$F:$F,MATCH(7,'Raw Order Data'!$J:$J,0)),"") | F18: =IFERROR(INDEX('Raw Order Data'!$G:$G,MATCH(7,'Raw Order Data'!$J:$J,0)),"") | G18: =IF(B18="","",E18*F18)
B19: =IFERROR(INDEX('Raw Order Data'!$E:$E,MATCH(8,'Raw Order Data'!$J:$J,0)),"") | E19: =IFERROR(INDEX('Raw Order Data'!$F:$F,MATCH(8,'Raw Order Data'!$J:$J,0)),"") | F19: =IFERROR(INDEX('Raw Order Data'!$G:$G,MATCH(8,'Raw Order Data'!$J:$J,0)),"") | G19: =IF(B19="","",E19*F19)
F20: Subtotal: | G20: =SUM(G12:G19) -> 1050
F21: Tax (10%): | G21: =G20*0.1 -> 105
F22: TOTAL DUE: | G22: =G20+G21 -> 1155
B24: One-click PDF export available via the companion "Export Invoice to PDF" macro (see GenerateInvoicePDF.bas).
